Workbook

Sheet RECAP
A1: Laporan Stock Barang
A3: Periode : | B3: 46023
A4: Kode | B4: Nama | C4: Stok Awal | D4: Masuk | E4: keluar | F4: Stok Akhir
A5: BGN203 | B5: Monitor Gaming 27 Inch | C5: 2032 | D5: =SUMIF(MASUK!$C$5:$C$23, RECAP!B5, MASUK!D5:D23) -> 12 | E5: =SUMIF(KELUAR!$C$6:$C$24, RECAP!$B$5, KELUAR!$D$6:$D$24) -> 12 | F5: =C5+D5-E5 -> 2032
A6: BGN204 | B6: Webcam Full HD 1080p | C6: 2032 | D6: =SUMIF(MASUK!$C$5:$C$23, RECAP!B6, MASUK!D6:D24) -> 43 | E6: =SUMIF(KELUAR!$C$6:$C$24, RECAP!$B$5, KELUAR!$D$6:$D$24) -> 12 | F6: =C6+D6-E6 -> 2063
A7: OWM290 | B7: Headset Bluetooth Noise Cancelling | C7: 2032 | D7: =SUMIF(MASUK!$C$5:$C$23, RECAP!B7, MASUK!D7:D25) -> 53 | E7: =SUMIF(KELUAR!$C$6:$C$24, RECAP!$B$5, KELUAR!$D$6:$D$24) -> 12 | F7: =C7+D7-E7 -> 2073
A8: BGN205 | B8: Printer Inkjet Warna | C8: 2032 | D8: =SUMIF(MASUK!$C$5:$C$23, RECAP!B8, MASUK!D8:D26) -> 57 | E8: =SUMIF(KELUAR!$C$6:$C$24, RECAP!$B$5, KELUAR!$D$6:$D$24) -> 12 | F8: =C8+D8-E8 -> 2077
A9: BGN206 | B9: Hardisk Eksternal 1TB | C9: 2032 | D9: =SUMIF(MASUK!$C$5:$C$23, RECAP!B9, MASUK!D9:D27) -> 104 | E9: =SUMIF(KELUAR!$C$6:$C$24, RECAP!$B$5, KELUAR!$D$6:$D$24) -> 12 | F9: =C9+D9-E9 -> 2124
A10: OWM291 | B10: Meja Kerja Ergonomis | C10: 2032 | D10: =SUMIF(MASUK!$C$5:$C$23, RECAP!B10, MASUK!D10:D28) -> 65 | E10: =SUMIF(KELUAR!$C$6:$C$24, RECAP!$B$5, KELUAR!$D$6:$D$24) -> 12 | F10: =C10+D10-E10 -> 2085
A11: BGN207 | B11: Kursi Kantor Hidrolik | C11: 2032 | D11: =SUMIF(MASUK!$C$5:$C$23, RECAP!B11, MASUK!D11:D29) -> 69 | E11: =SUMIF(KELUAR!$C$6:$C$24, RECAP!$B$5, KELUAR!$D$6:$D$24) -> 12 | F11: =C11+D11-E11 -> 2089
A12: BGN208 | B12: Lampu Meja LED | C12: 2032 | D12: =SUMIF(MASUK!$C$5:$C$23, RECAP!B12, MASUK!D12:D30) -> 73 | E12: =SUMIF(KELUAR!$C$6:$C$24, RECAP!$B$5, KELUAR!$D$6:$D$24) -> 12 | F12: =C12+D12-E12 -> 2093
A13: OWM292 | B13: Kabel LAN Cat6 10 Meter | C13: 2032 | D13: =SUMIF(MASUK!$C$5:$C$23, RECAP!B13, MASUK!D13:D31) -> 0 | E13: =SUMIF(KELUAR!$C$6:$C$24, RECAP!$B$5, KELUAR!$D$6:$D$24) -> 12 | F13: =C13+D13-E13 -> 2020
A14: BGN209 | B14: Power Bank 20.000 mAh | C14: 2032 | D14: =SUMIF(MASUK!$C$5:$C$23, RECAP!B14, MASUK!D14:D32) -> 0 | E14: =SUMIF(KELUAR!$C$6:$C$24, RECAP!$B$5, KELUAR!$D$6:$D$24) -> 12 | F14: =C14+D14-E14 -> 2020
A15: BGN210 | B15: Mouse Pad Anti-Slip | C15: 2032 | D15: =SUMIF(MASUK!$C$5:$C$23, RECAP!B15, MASUK!D15:D33) -> 0 | E15: =SUMIF(KELUAR!$C$6:$C$24, RECAP!$B$5, KELUAR!$D$6:$D$24) -> 12 | F15: =C15+D15-E15 -> 2020
A16: OWM293 | B16: Speaker Portable Bluetooth | C16: 2032 | D16: =SUMIF(MASUK!$C$5:$C$23, RECAP!B16, MASUK!D16:D34) -> 0 | E16: =SUMIF(KELUAR!$C$6:$C$24, RECAP!$B$5, KELUAR!$D$6:$D$24) -> 12 | F16: =C16+D16-E16 -> 2020
... A27: BGN218 | B27: SSD NVMe 500GB | C27: 2032 | D27: =SUMIF(MASUK!$C$5:$C$23, RECAP!B27, MASUK!D27:D45) -> 0 | E27: =SUMIF(KELUAR!$C$6:$C$24, RECAP!$B$5, KELUAR!$D$6:$D$24) -> 12 | F27: =C27+D27-E27 -> 2020

Sheet MASUK
A1: Laporan Stock Barang Masuk
A3: Periode : | B3: 46023
A4: Tanggal | B4: Kode | C4: Nama | D4: Masuk
A5: 38737 | B5: BGN206 | C5: =IFERROR(VLOOKUP(B5,RECAP!$A$4:$F$27,2,0),"") -> Hardisk Eksternal 1TB | D5: 34
A6: 38738 | B6: BGN213 | C6: =IFERROR(VLOOKUP(B6,RECAP!$A$4:$F$27,2,0),"") -> Tas Laptop Waterproof | D6: 34
A7: 38739 | B7: BGN214 | C7: =IFERROR(VLOOKUP(B7,RECAP!$A$4:$F$27,2,0),"") -> Microphone Condenser USB | D7: 44
A8: 38740 | B8: BGN203 | C8: =IFERROR(VLOOKUP(B8,RECAP!$A$4:$F$27,2,0),"") -> Monitor Gaming 27 Inch | D8: 12
A9: 38741 | B9: BGN204 | C9: =IFERROR(VLOOKUP(B9,RECAP!$A$4:$F$27,2,0),"") -> Webcam Full HD 1080p | D9: 43
A10: 38742 | B10: OWM290 | C10: =IFERROR(VLOOKUP(B10,RECAP!$A$4:$F$27,2,0),"") -> Headset Bluetooth Noise Cancelling | D10: 43
A11: 38743 | B11: BGN205 | C11: =IFERROR(VLOOKUP(B11,RECAP!$A$4:$F$27,2,0),"") -> Printer Inkjet Warna | D11: 24
A12: 38744 | B12: BGN206 | C12: =IFERROR(VLOOKUP(B12,RECAP!$A$4:$F$27,2,0),"") -> Hardisk Eksternal 1TB | D12: 53
A13: 38745 | B13: OWM291 | C13: =IFERROR(VLOOKUP(B13,RECAP!$A$4:$F$27,2,0),"") -> Meja Kerja Ergonomis | D13: 55
A14: 38746 | B14: BGN207 | C14: =IFERROR(VLOOKUP(B14,RECAP!$A$4:$F$27,2,0),"") -> Kursi Kantor Hidrolik | D14: 57
A15: 38747 | B15: BGN208 | C15: =IFERROR(VLOOKUP(B15,RECAP!$A$4:$F$27,2,0),"") -> Lampu Meja LED | D15: 59
A16: 38748 | B16: OWM292 | C16: =IFERROR(VLOOKUP(B16,RECAP!$A$4:$F$27,2,0),"") -> Kabel LAN Cat6 10 Meter | D16: 61
... A23: 38755 | B23: BGN213 | C23: =IFERROR(VLOOKUP(B23,RECAP!$A$4:$F$27,2,0),"") -> Tas Laptop Waterproof | D23: 75

Sheet KELUAR
A2: Laporan Stock Barang Keluar
A4: Periode : | B4: 46023
A5: Tanggal | B5: Kode | C5: Nama | D5: KELUAR
A6: 38737 | B6: BGN206 | C6: =IFERROR(VLOOKUP(B6,RECAP!$A$4:$F$27,2,0),"") -> Hardisk Eksternal 1TB | D6: 27
A7: 38738 | B7: BGN213 | C7: =IFERROR(VLOOKUP(B7,RECAP!$A$4:$F$27,2,0),"") -> Tas Laptop Waterproof | D7: 17
A8: 38739 | B8: BGN214 | C8: =IFERROR(VLOOKUP(B8,RECAP!$A$4:$F$27,2,0),"") -> Microphone Condenser USB | D8: 44
A9: 38740 | B9: BGN203 | C9: =IFERROR(VLOOKUP(B9,RECAP!$A$4:$F$27,2,0),"") -> Monitor Gaming 27 Inch | D9: 12
A10: 38741 | B10: BGN204 | C10: =IFERROR(VLOOKUP(B10,RECAP!$A$4:$F$27,2,0),"") -> Webcam Full HD 1080p | D10: 23
A11: 38742 | B11: OWM290 | C11: =IFERROR(VLOOKUP(B11,RECAP!$A$4:$F$27,2,0),"") -> Headset Bluetooth Noise Cancelling | D11: 44
A12: 38743 | B12: BGN205 | C12: =IFERROR(VLOOKUP(B12,RECAP!$A$4:$F$27,2,0),"") -> Printer Inkjet Warna | D12: 24
A13: 38744 | B13: BGN206 | C13: =IFERROR(VLOOKUP(B13,RECAP!$A$4:$F$27,2,0),"") -> Hardisk Eksternal 1TB | D13: 45
A14: 38745 | B14: OWM291 | C14: =IFERROR(VLOOKUP(B14,RECAP!$A$4:$F$27,2,0),"") -> Meja Kerja Ergonomis | D14: 55
A15: 38746 | B15: BGN207 | C15: =IFERROR(VLOOKUP(B15,RECAP!$A$4:$F$27,2,0),"") -> Kursi Kantor Hidrolik | D15: 57
A16: 38747 | B16: BGN208 | C16: =IFERROR(VLOOKUP(B16,RECAP!$A$4:$F$27,2,0),"") -> Lampu Meja LED | D16: 44
A17: 38748 | B17: OWM292 | C17: =IFERROR(VLOOKUP(B17,RECAP!$A$4:$F$27,2,0),"") -> Kabel LAN Cat6 10 Meter | D17: 25
... A24: 38755 | B24: BGN213 | C24: =IFERROR(VLOOKUP(B24,RECAP!$A$4:$F$27,2,0),"") -> Tas Laptop Waterproof | D24: 5
